Source,Target,Type
1,2,Undirected
2,4,Undirected
4,3,Undirected
3,1,Undirected
1,4,Undirected
2,3,Undirected
5,6,Undirected
6,8,Undirected
8,7,Undirected
7,5,Undirected
5,8,Undirected
6,7,Undirected
3,5,Undirected
9,10,Undirected
10,12,Undirected
12,11,Undirected
11,9,Undirected
9,12,Undirected
10,11,Undirected
2,9,Undirected
13,14,Undirected
14,16,Undirected
16,15,Undirected
15,13,Undirected
13,16,Undirected
14,15,Undirected
11,6,Undirected
4,13,Undirected
17,18,Undirected
18,20,Undirected
20,19,Undirected
19,17,Undirected
17,20,Undirected
18,19,Undirected
21,22,Undirected
22,24,Undirected
24,23,Undirected
23,21,Undirected
21,24,Undirected
22,23,Undirected
19,21,Undirected
25,26,Undirected
26,28,Undirected
28,27,Undirected
27,25,Undirected
25,28,Undirected
26,27,Undirected
29,30,Undirected
30,32,Undirected
32,31,Undirected
31,29,Undirected
29,32,Undirected
30,31,Undirected
27,22,Undirected
20,29,Undirected
7,17,Undirected
8,25,Undirected
18,15,Undirected
33,34,Undirected
34,36,Undirected
36,35,Undirected
35,33,Undirected
33,36,Undirected
34,35,Undirected
37,38,Undirected
38,40,Undirected
40,39,Undirected
39,37,Undirected
37,40,Undirected
38,39,Undirected
35,37,Undirected
41,42,Undirected
42,44,Undirected
44,43,Undirected
43,41,Undirected
41,44,Undirected
42,43,Undirected
45,46,Undirected
46,48,Undirected
48,47,Undirected
47,45,Undirected
45,48,Undirected
46,47,Undirected
43,38,Undirected
36,45,Undirected
23,33,Undirected
24,41,Undirected
31,34,Undirected
49,50,Undirected
50,52,Undirected
52,51,Undirected
51,49,Undirected
49,52,Undirected
50,51,Undirected
53,54,Undirected
54,56,Undirected
56,55,Undirected
55,53,Undirected
53,56,Undirected
54,55,Undirected
57,58,Undirected
58,60,Undirected
60,59,Undirected
59,57,Undirected
57,60,Undirected
58,59,Undirected
50,57,Undirected
61,62,Undirected
62,64,Undirected
64,63,Undirected
63,61,Undirected
61,64,Undirected
62,63,Undirected
59,54,Undirected
52,61,Undirected
65,66,Undirected
66,68,Undirected
68,67,Undirected
67,65,Undirected
65,68,Undirected
66,67,Undirected
69,70,Undirected
70,72,Undirected
72,71,Undirected
71,69,Undirected
69,72,Undirected
70,71,Undirected
73,74,Undirected
74,76,Undirected
76,75,Undirected
75,73,Undirected
73,76,Undirected
74,75,Undirected
77,78,Undirected
78,80,Undirected
80,79,Undirected
79,77,Undirected
77,80,Undirected
78,79,Undirected
75,70,Undirected
68,77,Undirected
56,73,Undirected
66,63,Undirected
81,82,Undirected
82,84,Undirected
84,83,Undirected
83,81,Undirected
81,84,Undirected
82,83,Undirected
85,86,Undirected
86,88,Undirected
88,87,Undirected
87,85,Undirected
85,88,Undirected
86,87,Undirected
89,90,Undirected
92,91,Undirected
91,89,Undirected
89,92,Undirected
90,91,Undirected
93,94,Undirected
94,96,Undirected
96,95,Undirected
95,93,Undirected
93,96,Undirected
94,95,Undirected
91,86,Undirected
84,93,Undirected
72,89,Undirected
79,82,Undirected
10,49,Undirected
12,53,Undirected
51,14,Undirected
16,65,Undirected
55,26,Undirected
28,69,Undirected
67,30,Undirected
32,81,Undirected
71,42,Undirected
44,85,Undirected
83,46,Undirected
97,98,Undirected
98,100,Undirected
100,99,Undirected
97,100,Undirected
98,99,Undirected
101,102,Undirected
102,104,Undirected
104,103,Undirected
101,104,Undirected
102,103,Undirected
105,106,Undirected
106,108,Undirected
108,107,Undirected
107,105,Undirected
105,108,Undirected
106,107,Undirected
98,105,Undirected
109,110,Undirected
110,112,Undirected
112,111,Undirected
111,109,Undirected
109,112,Undirected
110,111,Undirected
107,102,Undirected
100,109,Undirected
113,114,Undirected
114,116,Undirected
116,115,Undirected
115,113,Undirected
113,116,Undirected
114,115,Undirected
117,118,Undirected
118,120,Undirected
120,119,Undirected
117,120,Undirected
118,119,Undirected
121,122,Undirected
122,124,Undirected
124,123,Undirected
123,121,Undirected
121,124,Undirected
122,123,Undirected
125,126,Undirected
126,128,Undirected
128,127,Undirected
127,125,Undirected
125,128,Undirected
126,127,Undirected
123,118,Undirected
116,125,Undirected
104,121,Undirected
114,111,Undirected
129,130,Undirected
130,132,Undirected
132,131,Undirected
131,129,Undirected
129,132,Undirected
130,131,Undirected
133,134,Undirected
134,136,Undirected
136,135,Undirected
135,133,Undirected
133,136,Undirected
134,135,Undirected
137,138,Undirected
138,140,Undirected
140,139,Undirected
139,137,Undirected
137,140,Undirected
138,139,Undirected
141,142,Undirected
142,144,Undirected
144,143,Undirected
143,141,Undirected
141,144,Undirected
142,143,Undirected
139,134,Undirected
132,141,Undirected
120,137,Undirected
127,130,Undirected
145,146,Undirected
146,148,Undirected
148,147,Undirected
147,145,Undirected
145,148,Undirected
146,147,Undirected
149,150,Undirected
150,152,Undirected
152,151,Undirected
151,149,Undirected
149,152,Undirected
150,151,Undirected
153,154,Undirected
154,156,Undirected
156,155,Undirected
155,153,Undirected
153,156,Undirected
154,155,Undirected
146,153,Undirected
157,158,Undirected
158,160,Undirected
160,159,Undirected
159,157,Undirected
157,160,Undirected
158,159,Undirected
155,150,Undirected
148,157,Undirected
161,162,Undirected
162,164,Undirected
164,163,Undirected
163,161,Undirected
161,164,Undirected
162,163,Undirected
165,166,Undirected
166,168,Undirected
168,167,Undirected
167,165,Undirected
165,168,Undirected
166,167,Undirected
169,170,Undirected
170,172,Undirected
172,171,Undirected
171,169,Undirected
169,172,Undirected
170,171,Undirected
173,174,Undirected
174,176,Undirected
176,175,Undirected
175,173,Undirected
173,176,Undirected
174,175,Undirected
171,166,Undirected
164,173,Undirected
152,169,Undirected
162,159,Undirected
177,178,Undirected
178,180,Undirected
180,179,Undirected
179,177,Undirected
177,180,Undirected
178,179,Undirected
181,182,Undirected
182,184,Undirected
184,183,Undirected
183,181,Undirected
181,184,Undirected
182,183,Undirected
185,186,Undirected
188,187,Undirected
187,185,Undirected
185,188,Undirected
186,187,Undirected
189,190,Undirected
190,192,Undirected
192,191,Undirected
191,189,Undirected
189,192,Undirected
190,191,Undirected
187,182,Undirected
180,189,Undirected
168,185,Undirected
175,178,Undirected
106,145,Undirected
108,149,Undirected
147,110,Undirected
112,161,Undirected
151,122,Undirected
124,165,Undirected
163,126,Undirected
128,177,Undirected
167,138,Undirected
140,181,Undirected
179,142,Undirected
117,119,Undirected
60,101,Undirected
99,62,Undirected
64,113,Undirected
103,74,Undirected
76,117,Undirected
115,78,Undirected
80,129,Undirected
119,90,Undirected
92,133,Undirected
131,94,Undirected
58,97,Undirected
193,194,Undirected
194,196,Undirected
196,195,Undirected
195,193,Undirected
193,196,Undirected
194,195,Undirected
197,198,Undirected
198,200,Undirected
200,199,Undirected
199,197,Undirected
197,200,Undirected
198,199,Undirected
201,202,Undirected
202,204,Undirected
204,203,Undirected
203,201,Undirected
201,204,Undirected
202,203,Undirected
194,201,Undirected
205,206,Undirected
206,208,Undirected
208,207,Undirected
207,205,Undirected
205,208,Undirected
206,207,Undirected
203,198,Undirected
196,205,Undirected
209,210,Undirected
210,212,Undirected
212,211,Undirected
211,209,Undirected
209,212,Undirected
210,211,Undirected
213,214,Undirected
214,216,Undirected
216,215,Undirected
215,213,Undirected
213,216,Undirected
214,215,Undirected
217,218,Undirected
218,220,Undirected
220,219,Undirected
219,217,Undirected
217,220,Undirected
218,219,Undirected
221,222,Undirected
222,224,Undirected
224,223,Undirected
223,221,Undirected
221,224,Undirected
222,223,Undirected
219,214,Undirected
212,221,Undirected
200,217,Undirected
210,207,Undirected
225,226,Undirected
226,228,Undirected
228,227,Undirected
227,225,Undirected
225,228,Undirected
226,227,Undirected
229,230,Undirected
230,232,Undirected
232,231,Undirected
231,229,Undirected
229,232,Undirected
230,231,Undirected
233,234,Undirected
234,236,Undirected
236,235,Undirected
235,233,Undirected
233,236,Undirected
234,235,Undirected
237,238,Undirected
238,240,Undirected
240,239,Undirected
239,237,Undirected
237,240,Undirected
238,239,Undirected
235,230,Undirected
228,237,Undirected
216,233,Undirected
223,226,Undirected
241,242,Undirected
242,244,Undirected
244,243,Undirected
243,241,Undirected
241,244,Undirected
242,243,Undirected
245,246,Undirected
246,248,Undirected
248,247,Undirected
247,245,Undirected
245,248,Undirected
246,247,Undirected
249,250,Undirected
250,252,Undirected
252,251,Undirected
251,249,Undirected
249,252,Undirected
250,251,Undirected
242,249,Undirected
253,254,Undirected
254,256,Undirected
256,255,Undirected
255,253,Undirected
253,256,Undirected
254,255,Undirected
251,246,Undirected
244,253,Undirected
257,258,Undirected
258,260,Undirected
260,259,Undirected
259,257,Undirected
257,260,Undirected
258,259,Undirected
261,262,Undirected
262,264,Undirected
264,263,Undirected
263,261,Undirected
261,264,Undirected
262,263,Undirected
265,266,Undirected
266,268,Undirected
268,267,Undirected
267,265,Undirected
265,268,Undirected
266,267,Undirected
269,270,Undirected
270,272,Undirected
272,271,Undirected
271,269,Undirected
269,272,Undirected
270,271,Undirected
267,262,Undirected
260,269,Undirected
248,265,Undirected
258,255,Undirected
273,274,Undirected
274,276,Undirected
276,275,Undirected
275,273,Undirected
273,276,Undirected
274,275,Undirected
277,278,Undirected
278,280,Undirected
280,279,Undirected
279,277,Undirected
277,280,Undirected
278,279,Undirected
281,282,Undirected
284,283,Undirected
283,281,Undirected
281,284,Undirected
282,283,Undirected
285,286,Undirected
286,288,Undirected
288,287,Undirected
287,285,Undirected
285,288,Undirected
286,287,Undirected
283,278,Undirected
276,285,Undirected
264,281,Undirected
271,274,Undirected
202,241,Undirected
204,245,Undirected
243,206,Undirected
208,257,Undirected
247,218,Undirected
220,261,Undirected
259,222,Undirected
224,273,Undirected
263,234,Undirected
236,277,Undirected
275,238,Undirected
156,197,Undirected
195,158,Undirected
160,209,Undirected
199,170,Undirected
172,213,Undirected
211,174,Undirected
176,225,Undirected
215,186,Undirected
188,229,Undirected
227,190,Undirected
154,193,Undirected
289,290,Undirected
290,292,Undirected
292,291,Undirected
291,289,Undirected
289,292,Undirected
290,291,Undirected
293,294,Undirected
294,296,Undirected
296,295,Undirected
295,293,Undirected
293,296,Undirected
294,295,Undirected
297,298,Undirected
298,300,Undirected
300,299,Undirected
299,297,Undirected
297,300,Undirected
298,299,Undirected
290,297,Undirected
301,302,Undirected
302,304,Undirected
304,303,Undirected
303,301,Undirected
301,304,Undirected
302,303,Undirected
299,294,Undirected
292,301,Undirected
305,306,Undirected
306,308,Undirected
308,307,Undirected
307,305,Undirected
305,308,Undirected
306,307,Undirected
309,310,Undirected
310,312,Undirected
312,311,Undirected
311,309,Undirected
309,312,Undirected
310,311,Undirected
313,314,Undirected
314,316,Undirected
316,315,Undirected
315,313,Undirected
313,316,Undirected
314,315,Undirected
317,318,Undirected
318,320,Undirected
320,319,Undirected
319,317,Undirected
317,320,Undirected
318,319,Undirected
315,310,Undirected
308,317,Undirected
296,313,Undirected
306,303,Undirected
321,322,Undirected
322,324,Undirected
324,323,Undirected
323,321,Undirected
321,324,Undirected
322,323,Undirected
325,326,Undirected
326,328,Undirected
328,327,Undirected
327,325,Undirected
325,328,Undirected
326,327,Undirected
329,330,Undirected
330,332,Undirected
332,331,Undirected
331,329,Undirected
329,332,Undirected
330,331,Undirected
333,334,Undirected
334,336,Undirected
336,335,Undirected
335,333,Undirected
333,336,Undirected
334,335,Undirected
331,326,Undirected
324,333,Undirected
312,329,Undirected
319,322,Undirected
337,338,Undirected
338,340,Undirected
340,339,Undirected
339,337,Undirected
337,340,Undirected
338,339,Undirected
341,342,Undirected
342,344,Undirected
344,343,Undirected
343,341,Undirected
341,344,Undirected
342,343,Undirected
345,346,Undirected
346,348,Undirected
348,347,Undirected
347,345,Undirected
345,348,Undirected
346,347,Undirected
338,345,Undirected
349,350,Undirected
350,352,Undirected
352,351,Undirected
351,349,Undirected
349,352,Undirected
350,351,Undirected
347,342,Undirected
340,349,Undirected
353,354,Undirected
354,356,Undirected
356,355,Undirected
355,353,Undirected
353,356,Undirected
354,355,Undirected
357,358,Undirected
358,360,Undirected
360,359,Undirected
359,357,Undirected
357,360,Undirected
358,359,Undirected
361,362,Undirected
362,364,Undirected
364,363,Undirected
363,361,Undirected
361,364,Undirected
362,363,Undirected
365,366,Undirected
366,368,Undirected
368,367,Undirected
367,365,Undirected
365,368,Undirected
366,367,Undirected
363,358,Undirected
356,365,Undirected
344,361,Undirected
354,351,Undirected
369,370,Undirected
370,372,Undirected
372,371,Undirected
371,369,Undirected
369,372,Undirected
370,371,Undirected
373,374,Undirected
374,376,Undirected
376,375,Undirected
375,373,Undirected
373,376,Undirected
374,375,Undirected
377,378,Undirected
380,379,Undirected
379,377,Undirected
377,380,Undirected
378,379,Undirected
381,382,Undirected
382,384,Undirected
384,383,Undirected
383,381,Undirected
381,384,Undirected
382,383,Undirected
379,374,Undirected
372,381,Undirected
360,377,Undirected
367,370,Undirected
376,383,Undirected
298,337,Undirected
300,341,Undirected
339,302,Undirected
304,353,Undirected
343,314,Undirected
316,357,Undirected
355,318,Undirected
320,369,Undirected
359,330,Undirected
332,373,Undirected
371,334,Undirected
250,289,Undirected
252,293,Undirected
291,254,Undirected
256,305,Undirected
295,266,Undirected
268,309,Undirected
307,270,Undirected
272,321,Undirected
311,282,Undirected
284,325,Undirected
323,286,Undirected
385,386,Undirected
386,388,Undirected
388,387,Undirected
387,385,Undirected
385,388,Undirected
386,387,Undirected
389,390,Undirected
390,392,Undirected
392,391,Undirected
391,389,Undirected
389,392,Undirected
390,391,Undirected
387,389,Undirected
393,394,Undirected
394,396,Undirected
396,395,Undirected
395,393,Undirected
393,396,Undirected
394,395,Undirected
397,398,Undirected
398,400,Undirected
400,399,Undirected
399,397,Undirected
397,400,Undirected
398,399,Undirected
395,390,Undirected
388,397,Undirected
401,402,Undirected
402,404,Undirected
404,403,Undirected
403,401,Undirected
401,404,Undirected
402,403,Undirected
405,406,Undirected
406,408,Undirected
408,407,Undirected
407,405,Undirected
405,408,Undirected
406,407,Undirected
403,405,Undirected
409,410,Undirected
410,412,Undirected
412,411,Undirected
411,409,Undirected
409,412,Undirected
410,411,Undirected
413,414,Undirected
414,416,Undirected
416,415,Undirected
415,413,Undirected
413,416,Undirected
414,415,Undirected
411,406,Undirected
404,413,Undirected
391,401,Undirected
392,409,Undirected
402,399,Undirected
417,418,Undirected
418,420,Undirected
420,419,Undirected
419,417,Undirected
417,420,Undirected
418,419,Undirected
421,422,Undirected
422,424,Undirected
424,423,Undirected
423,421,Undirected
421,424,Undirected
422,423,Undirected
419,421,Undirected
425,426,Undirected
426,428,Undirected
428,427,Undirected
427,425,Undirected
425,428,Undirected
426,427,Undirected
429,430,Undirected
430,432,Undirected
432,431,Undirected
431,429,Undirected
429,432,Undirected
430,431,Undirected
427,422,Undirected
420,429,Undirected
407,417,Undirected
408,425,Undirected
415,418,Undirected
424,431,Undirected
433,434,Undirected
434,436,Undirected
436,435,Undirected
435,433,Undirected
433,436,Undirected
434,435,Undirected
437,438,Undirected
438,440,Undirected
440,439,Undirected
439,437,Undirected
437,440,Undirected
438,439,Undirected
441,442,Undirected
442,444,Undirected
444,443,Undirected
443,441,Undirected
441,444,Undirected
442,443,Undirected
445,446,Undirected
446,448,Undirected
448,447,Undirected
447,445,Undirected
445,448,Undirected
446,447,Undirected
443,438,Undirected
436,445,Undirected
449,450,Undirected
450,452,Undirected
452,451,Undirected
451,449,Undirected
449,452,Undirected
450,451,Undirected
453,454,Undirected
454,456,Undirected
456,455,Undirected
455,453,Undirected
453,456,Undirected
454,455,Undirected
457,458,Undirected
458,460,Undirected
460,459,Undirected
459,457,Undirected
457,460,Undirected
458,459,Undirected
461,462,Undirected
462,464,Undirected
464,463,Undirected
463,461,Undirected
461,464,Undirected
462,463,Undirected
459,454,Undirected
452,461,Undirected
440,457,Undirected
450,447,Undirected
465,466,Undirected
466,468,Undirected
468,467,Undirected
467,465,Undirected
465,468,Undirected
466,467,Undirected
469,470,Undirected
470,472,Undirected
472,471,Undirected
471,469,Undirected
469,472,Undirected
470,471,Undirected
473,474,Undirected
476,475,Undirected
475,473,Undirected
473,476,Undirected
474,475,Undirected
477,478,Undirected
478,480,Undirected
480,479,Undirected
479,477,Undirected
477,480,Undirected
478,479,Undirected
475,470,Undirected
468,477,Undirected
456,473,Undirected
463,466,Undirected
472,479,Undirected
396,437,Undirected
435,398,Undirected
400,449,Undirected
439,410,Undirected
412,453,Undirected
451,414,Undirected
416,465,Undirected
455,426,Undirected
428,469,Undirected
467,430,Undirected
481,482,Undirected
482,484,Undirected
484,483,Undirected
481,484,Undirected
482,483,Undirected
485,486,Undirected
486,488,Undirected
488,487,Undirected
485,488,Undirected
486,487,Undirected
489,490,Undirected
490,492,Undirected
492,491,Undirected
491,489,Undirected
489,492,Undirected
490,491,Undirected
493,494,Undirected
494,496,Undirected
496,495,Undirected
495,493,Undirected
493,496,Undirected
494,495,Undirected
491,486,Undirected
484,493,Undirected
497,498,Undirected
498,500,Undirected
500,499,Undirected
499,497,Undirected
497,500,Undirected
498,499,Undirected
501,502,Undirected
502,504,Undirected
504,503,Undirected
501,504,Undirected
502,503,Undirected
505,506,Undirected
506,508,Undirected
508,507,Undirected
507,505,Undirected
505,508,Undirected
506,507,Undirected
509,510,Undirected
510,512,Undirected
512,511,Undirected
511,509,Undirected
509,512,Undirected
510,511,Undirected
507,502,Undirected
500,509,Undirected
488,505,Undirected
498,495,Undirected
513,514,Undirected
514,516,Undirected
516,515,Undirected
515,513,Undirected
513,516,Undirected
514,515,Undirected
517,518,Undirected
518,520,Undirected
520,519,Undirected
519,517,Undirected
517,520,Undirected
518,519,Undirected
521,522,Undirected
522,524,Undirected
524,523,Undirected
523,521,Undirected
521,524,Undirected
522,523,Undirected
525,526,Undirected
526,528,Undirected
528,527,Undirected
527,525,Undirected
525,528,Undirected
526,527,Undirected
523,518,Undirected
516,525,Undirected
504,521,Undirected
511,514,Undirected
520,527,Undirected
529,530,Undirected
530,532,Undirected
532,531,Undirected
531,529,Undirected
529,532,Undirected
530,531,Undirected
533,534,Undirected
534,536,Undirected
536,535,Undirected
535,533,Undirected
533,536,Undirected
534,535,Undirected
537,538,Undirected
538,540,Undirected
540,539,Undirected
539,537,Undirected
537,540,Undirected
538,539,Undirected
541,542,Undirected
542,544,Undirected
544,543,Undirected
543,541,Undirected
541,544,Undirected
542,543,Undirected
539,534,Undirected
532,541,Undirected
545,546,Undirected
546,548,Undirected
548,547,Undirected
547,545,Undirected
545,548,Undirected
546,547,Undirected
549,550,Undirected
550,552,Undirected
552,551,Undirected
551,549,Undirected
549,552,Undirected
550,551,Undirected
553,554,Undirected
554,556,Undirected
556,555,Undirected
555,553,Undirected
553,556,Undirected
554,555,Undirected
557,558,Undirected
558,560,Undirected
560,559,Undirected
559,557,Undirected
557,560,Undirected
558,559,Undirected
555,550,Undirected
548,557,Undirected
536,553,Undirected
546,543,Undirected
561,562,Undirected
562,564,Undirected
564,563,Undirected
563,561,Undirected
561,564,Undirected
562,563,Undirected
565,566,Undirected
566,568,Undirected
568,567,Undirected
567,565,Undirected
565,568,Undirected
566,567,Undirected
569,570,Undirected
572,571,Undirected
571,569,Undirected
569,572,Undirected
570,571,Undirected
573,574,Undirected
574,576,Undirected
576,575,Undirected
575,573,Undirected
573,576,Undirected
574,575,Undirected
571,566,Undirected
564,573,Undirected
552,569,Undirected
559,562,Undirected
568,575,Undirected
492,533,Undirected
531,494,Undirected
496,545,Undirected
535,506,Undirected
508,549,Undirected
547,510,Undirected
512,561,Undirected
551,522,Undirected
524,565,Undirected
563,526,Undirected
501,503,Undirected
444,485,Undirected
483,446,Undirected
448,497,Undirected
487,458,Undirected
460,501,Undirected
499,462,Undirected
464,513,Undirected
503,474,Undirected
476,517,Undirected
515,478,Undirected
480,519,Undirected
577,578,Undirected
578,580,Undirected
580,579,Undirected
579,577,Undirected
577,580,Undirected
578,579,Undirected
581,582,Undirected
582,584,Undirected
584,583,Undirected
583,581,Undirected
581,584,Undirected
582,583,Undirected
585,586,Undirected
586,588,Undirected
588,587,Undirected
587,585,Undirected
585,588,Undirected
586,587,Undirected
589,590,Undirected
590,592,Undirected
592,591,Undirected
591,589,Undirected
589,592,Undirected
590,591,Undirected
587,582,Undirected
580,589,Undirected
593,594,Undirected
594,596,Undirected
596,595,Undirected
595,593,Undirected
593,596,Undirected
594,595,Undirected
597,598,Undirected
598,600,Undirected
600,599,Undirected
599,597,Undirected
597,600,Undirected
598,599,Undirected
601,602,Undirected
602,604,Undirected
604,603,Undirected
603,601,Undirected
601,604,Undirected
602,603,Undirected
605,606,Undirected
606,608,Undirected
608,607,Undirected
607,605,Undirected
605,608,Undirected
606,607,Undirected
603,598,Undirected
596,605,Undirected
584,601,Undirected
594,591,Undirected
609,610,Undirected
610,612,Undirected
612,611,Undirected
611,609,Undirected
609,612,Undirected
610,611,Undirected
613,614,Undirected
614,616,Undirected
616,615,Undirected
615,613,Undirected
613,616,Undirected
614,615,Undirected
617,618,Undirected
618,620,Undirected
620,619,Undirected
619,617,Undirected
617,620,Undirected
618,619,Undirected
621,622,Undirected
622,624,Undirected
624,623,Undirected
623,621,Undirected
621,624,Undirected
622,623,Undirected
619,614,Undirected
612,621,Undirected
600,617,Undirected
607,610,Undirected
616,623,Undirected
625,626,Undirected
626,628,Undirected
628,627,Undirected
627,625,Undirected
625,628,Undirected
626,627,Undirected
629,630,Undirected
630,632,Undirected
632,631,Undirected
631,629,Undirected
629,632,Undirected
630,631,Undirected
633,634,Undirected
634,636,Undirected
636,635,Undirected
635,633,Undirected
633,636,Undirected
634,635,Undirected
637,638,Undirected
638,640,Undirected
640,639,Undirected
639,637,Undirected
637,640,Undirected
638,639,Undirected
635,630,Undirected
628,637,Undirected
641,642,Undirected
642,644,Undirected
644,643,Undirected
643,641,Undirected
641,644,Undirected
642,643,Undirected
645,646,Undirected
646,648,Undirected
648,647,Undirected
647,645,Undirected
645,648,Undirected
646,647,Undirected
649,650,Undirected
650,652,Undirected
652,651,Undirected
651,649,Undirected
649,652,Undirected
650,651,Undirected
653,654,Undirected
654,656,Undirected
656,655,Undirected
655,653,Undirected
653,656,Undirected
654,655,Undirected
651,646,Undirected
644,653,Undirected
632,649,Undirected
642,639,Undirected
657,658,Undirected
658,660,Undirected
660,659,Undirected
659,657,Undirected
657,660,Undirected
658,659,Undirected
661,662,Undirected
662,664,Undirected
664,663,Undirected
663,661,Undirected
661,664,Undirected
662,663,Undirected
665,666,Undirected
668,667,Undirected
667,665,Undirected
665,668,Undirected
666,667,Undirected
669,670,Undirected
670,672,Undirected
672,671,Undirected
671,669,Undirected
669,672,Undirected
670,671,Undirected
667,662,Undirected
660,669,Undirected
648,665,Undirected
655,658,Undirected
664,671,Undirected
588,629,Undirected
627,590,Undirected
592,641,Undirected
631,602,Undirected
604,645,Undirected
643,606,Undirected
608,657,Undirected
647,618,Undirected
620,661,Undirected
659,622,Undirected
540,581,Undirected
579,542,Undirected
544,593,Undirected
583,554,Undirected
556,597,Undirected
595,558,Undirected
560,609,Undirected
599,570,Undirected
572,613,Undirected
611,574,Undirected
576,615,Undirected
673,674,Undirected
674,676,Undirected
676,675,Undirected
675,673,Undirected
673,676,Undirected
674,675,Undirected
677,678,Undirected
678,680,Undirected
680,679,Undirected
679,677,Undirected
677,680,Undirected
678,679,Undirected
681,682,Undirected
682,684,Undirected
684,683,Undirected
683,681,Undirected
681,684,Undirected
682,683,Undirected
685,686,Undirected
686,688,Undirected
688,687,Undirected
687,685,Undirected
685,688,Undirected
686,687,Undirected
683,678,Undirected
676,685,Undirected
689,690,Undirected
690,692,Undirected
692,691,Undirected
691,689,Undirected
689,692,Undirected
690,691,Undirected
693,694,Undirected
694,696,Undirected
696,695,Undirected
695,693,Undirected
693,696,Undirected
694,695,Undirected
697,698,Undirected
698,700,Undirected
700,699,Undirected
699,697,Undirected
697,700,Undirected
698,699,Undirected
701,702,Undirected
702,704,Undirected
704,703,Undirected
703,701,Undirected
701,704,Undirected
702,703,Undirected
699,694,Undirected
692,701,Undirected
680,697,Undirected
690,687,Undirected
705,706,Undirected
706,708,Undirected
708,707,Undirected
707,705,Undirected
705,708,Undirected
706,707,Undirected
709,710,Undirected
710,712,Undirected
712,711,Undirected
711,709,Undirected
709,712,Undirected
710,711,Undirected
713,714,Undirected
714,716,Undirected
716,715,Undirected
715,713,Undirected
713,716,Undirected
714,715,Undirected
717,718,Undirected
718,720,Undirected
720,719,Undirected
719,717,Undirected
717,720,Undirected
718,719,Undirected
715,710,Undirected
708,717,Undirected
696,713,Undirected
703,706,Undirected
712,719,Undirected
721,722,Undirected
722,724,Undirected
724,723,Undirected
723,721,Undirected
721,724,Undirected
722,723,Undirected
725,726,Undirected
726,728,Undirected
728,727,Undirected
727,725,Undirected
725,728,Undirected
726,727,Undirected
729,730,Undirected
730,732,Undirected
732,731,Undirected
731,729,Undirected
729,732,Undirected
730,731,Undirected
722,729,Undirected
733,734,Undirected
734,736,Undirected
736,735,Undirected
735,733,Undirected
733,736,Undirected
734,735,Undirected
731,726,Undirected
724,733,Undirected
737,738,Undirected
738,740,Undirected
740,739,Undirected
739,737,Undirected
737,740,Undirected
738,739,Undirected
741,742,Undirected
742,744,Undirected
744,743,Undirected
743,741,Undirected
741,744,Undirected
742,743,Undirected
745,746,Undirected
746,748,Undirected
748,747,Undirected
747,745,Undirected
745,748,Undirected
746,747,Undirected
749,750,Undirected
750,752,Undirected
752,751,Undirected
751,749,Undirected
749,752,Undirected
750,751,Undirected
747,742,Undirected
740,749,Undirected
728,745,Undirected
738,735,Undirected
753,754,Undirected
754,756,Undirected
756,755,Undirected
755,753,Undirected
753,756,Undirected
754,755,Undirected
757,758,Undirected
758,760,Undirected
760,759,Undirected
759,757,Undirected
757,760,Undirected
758,759,Undirected
761,762,Undirected
764,763,Undirected
763,761,Undirected
761,764,Undirected
762,763,Undirected
765,766,Undirected
766,768,Undirected
768,767,Undirected
767,765,Undirected
765,768,Undirected
766,767,Undirected
763,758,Undirected
756,765,Undirected
744,761,Undirected
751,754,Undirected
760,767,Undirected
684,725,Undirected
723,686,Undirected
688,737,Undirected
727,698,Undirected
700,741,Undirected
739,702,Undirected
704,753,Undirected
743,714,Undirected
716,757,Undirected
755,718,Undirected
636,677,Undirected
675,638,Undirected
640,689,Undirected
679,650,Undirected
652,693,Undirected
691,654,Undirected
656,705,Undirected
695,666,Undirected
668,709,Undirected
707,670,Undirected
672,711,Undirected
39,385,Undirected
384,730,Undirected
380,382,Undirected
378,380,Undirected
368,378,Undirected
364,366,Undirected
352,362,Undirected
348,350,Undirected
732,734,Undirected
736,746,Undirected
748,750,Undirected
752,762,Undirected
762,764,Undirected
764,766,Undirected
720,759,Undirected
336,721,Undirected
375,682,Undirected
328,681,Undirected
335,674,Undirected
288,673,Undirected
327,634,Undirected
280,633,Undirected
287,626,Undirected
586,279,Undirected
240,625,Undirected
578,239,Undirected
232,585,Undirected
538,231,Undirected
192,577,Undirected
530,191,Undirected
184,537,Undirected
144,529,Undirected
490,183,Undirected
482,143,Undirected
136,489,Undirected
442,135,Undirected
96,481,Undirected
434,95,Undirected
88,441,Undirected
394,87,Undirected
48,433,Undirected
386,47,Undirected
40,393,Undirected
432,471,Undirected
528,567,Undirected
624,663,Undirected
